<?xml version="1.0" encoding="UTF-8"?>
<addon id="plugin.sunilprasad.golive" version="1.0.0-rel" name="GoLive DH" provider-name="Sunil Prasad">
    <extension point="xbmc.python.pluginsource" library="addon.py">
        <provides>video</provides>
    </extension>

    <extension point="xbmc.addon.metadata">
        <summary lang="en">The DishHome GO app is a streaming application that provides access to live TV, movies, and series from DishHome. It allows users to watch content on various devices.</summary>
        <description lang="en">DishHome Go is the official streaming application for DishHome Nepal, a leading Direct-to-Home (DTH) satellite television provider. The app acts as a "TV Everywhere" service, allowing DishHome subscribers to extend their viewing experience beyond their television sets. Essentially, it lets you watch live TV channels and on-demand content from your DishHome subscription on your smartphone, tablet, or computer.

</description>
        <platform>all</platform>
        <language>en</language>

        <assets>
            <!-- Artwork references -->
            <icon>resources/media/icon.jpg</icon>
            <banner>resources/media/banner.jpg</banner>
            <fanart>resources/media/fanart.jpg</fanart>
            <clearlogo>resources/media/clearlogo.png</clearlogo>
            <screenshot>resources/media/screenshot1.png</screenshot>
            <screenshot>resources/media/screenshot2.png</screenshot>
            <screenshot>resources/media/screenshot3.png</screenshot>
        </assets>
    </extension>

    <requires>
        <import addon="xbmc.python" version="3.0.0"/>
        <import addon="script.module.requests"/>
        <import addon="inputstream.adaptive"/>
        <import addon="script.module.inputstreamhelper"/>
    </requires>
</addon>
